index,ROC
model3_GRU_lossD,0.9775423175799459
model3_GRU_lossD_aug,0.9739184713918653
model3_GRU_lossC,0.97695297333755
model3_GRU_lossC_aug,0.9769534532625851
